Gas,Season,n,mean_concentration,sd_concentration,Season_Label
CH4,Summer,127,1730.5218897637794,74.68472841421607,Summer (Dec-Feb)
CH4,Autumn,125,1726.81616,73.2587401345616,Autumn (Mar-May)
CH4,Winter,125,1746.6872,74.23550896498469,Winter (Jun-Aug)
CH4,Spring,127,1749.5082677165353,75.05209666915172,Spring (Sep-Nov)
N2O,Summer,107,321.5883271028037,9.147004220143069,Summer (Dec-Feb)
N2O,Autumn,107,320.75759813084113,9.256087132117706,Autumn (Mar-May)
N2O,Winter,103,321.6127766990291,8.967078859538216,Winter (Jun-Aug)
N2O,Spring,107,321.53555140186916,9.328087142617045,Spring (Sep-Nov)
