method,correlation
Pearson,0.9552006417366742
Spearman,0.9660438226234817
