Gas,slope,p_value,r_squared
CH4,6.506455600974348,3.995835333136528e-27,0.9306069919645089
N2O,0.8127640870811977,9.104466346973006e-44,0.9890184331102121
