Gas,Season,Mean_Concentration
CH4,Summer,1730.5218897637794
CH4,Autumn,1726.81616
CH4,Winter,1746.6872
CH4,Spring,1749.5082677165353
N2O,Summer,321.5883271028037
N2O,Autumn,320.75759813084113
N2O,Winter,321.6127766990291
N2O,Spring,321.53555140186916
